fold,kg_co2eq,kg_co2eq_cumulative
1,0.006564153600565081,0.006564153600565081
2,0.005840188112628345,0.012404341713193425
3,0.005960500103596254,0.018364841816789677
4,0.006104409451331889,0.024469251268121568
5,0.00612147932705367,0.03059073059517524
