fold,kg_co2eq,kg_co2eq_cumulative
1,0.001332155462265948,0.001332155462265948
2,0.0013120046996544714,0.0026441601619204193
