fold,kg_co2eq,kg_co2eq_cumulative
1,0.0002261327455542778,0.0002261327455542778
2,0.00024655045762630523,0.00047268320318058304
